[
    {
        "id": 1,
        "movieName": "Identity",
        "movieUrl": "identity-2003",
        "yearOfRelease": 2003,
        "genre": "Action Horror",
        "rating": 7.1,
        "img": "/image/movie/01/thumbnail.jpg",
        "background":"https://www.100hdwallpapers.com/wallpapers/2560x1600/inception_cast-widescreen_wallpapers.jpg",
        "directorTitle": "Identity Director",
        "director": "James Mangold",
        "castTitle": "Identity Cast",
        "cast": [
            "Amanda Peet",
            "John Cusack"
        ],
        "like": "131",
        "movieRating": "7.3",
        "similarMovies": [
            {
                "similarMovieUrl": "the-game-2018",
                "imageUrl": "https://en.yts-official.mx/movies/poster/the-game-1997.jpg?v=1"
            },
            {
                "similarMovieUrl": "the-sixth-sense-2010",
                "imageUrl": "https://en.yts-official.mx/movies/poster/the-sixth-sense-1999.jpg?v=1"
            },
            {
                "similarMovieUrl": "memento-2000",
                "imageUrl": "https://en.yts-official.mx/movies/poster/memento-2000.jpg?v=1"
            },
            {
                "similarMovieUrl": "triangle-2009",
                "imageUrl": "https://en.yts-official.mx/movies/poster/triangle-2009.jpg?v=1"
            }
        ],
        "synopsis": "Identity Synophsis",
        "dateAndTime": "October 10, 2024 at 09:10 AM",
        "asssets": [
            {
                "isImage": "false",
                "assetUrl": "https://www.youtube.com/embed/TQkG2x3qTf4?rel=0&wmode=transparent&border=0&autoplay=1&iv_load_policy=3"
            },
            {
                "isImage": "true",
                "assetUrl": "https://en.yts-official.mx/movies/screenshot/identity-2003-large-screenshot2.jpg"
            },
            {
                "isImage": "true",
                "assetUrl": "https://en.yts-official.mx/movies/screenshot/identity-2003-large-screenshot3.jpg"
            }
        ],
        "available": [
            {
                "quality": "1080p.BluRay",
                "size": "1.4 GB",
                "resolution": "1920*816",
                "p/s": "100+"
            },
            {
                "quality": "720p BluRay",
                "size": "985 MB",
                "resolution": "720p BluRay",
                "p/s": "100+"
            },
            {
                "quality": "2160p.WEB.x265",
                "size": "4.8 GB",
                "resolution": " 3840*1606",
                "p/s": "100+"
            }
        ],
        "video": "http://localhost:3000/image/YbjV5gAAAAA.mp4"
    },
    {
        "id": 2,
        "movieName": "The Strangers",
        "movieUrl": "the-sranger-2008",
        "yearOfRelease": 2008,
        "genre": "Action Horror",
        "rating": 6.1,
        "img": "/image/movie/02/Strange.jpg",
        "directorTitle": "The Strangers Director",
        "director": "Bryan Bertino",
        "castTitle": "The Strangers Cast",
        "cast": [
            "Liv Tyler",
            "Scott Speedman"
        ],
        "like": "133",
        "movieRating": "6.1",
        "synopsis": "The Strangers Synopsis",
        "dateAndTime": "October 17, 2024 at 04:29 AM",
        "similarMovies": [
            {
                "similarMovieUrl": "the-strangers-prey-at-night-2018",
                "imageUrl": "https://en.yts-official.mx/movies/poster/the-strangers-prey-at-night-2018.jpg?v=1"
            },
            {
                "similarMovieUrl": "vacancy-2007",
                "imageUrl": "https://en.yts-official.mx/movies/poster/vacancy-2007.jpg?v=1"
            },
            {
                "similarMovieUrl": "the-grudge-2004",
                "imageUrl": "https://en.yts-official.mx/movies/poster/the-grudge-2004.jpg?v=1"
            },
            {
                "similarMovieUrl": "paranormal-activity-2007",
                "imageUrl": "https://en.yts-official.mx/movies/poster/paranormal-activity-2007.jpg?v=1"
            }
        ],
        "asssets": [
            {
                "isImage": "false",
                "assetUrl": "https://www.youtube.com/embed/jKGiF5m-FNY?rel=0&wmode=transparent&border=0&autoplay=1&iv_load_policy=3"
            },
            {
                "isImage": "true",
                "assetUrl": "https://en.yts-official.mx/movies/screenshot/the-strangers-2008-large-screenshot2.jpg"
            },
            {
                "isImage": "true",
                "assetUrl": "https://en.yts-official.mx/movies/screenshot/the-strangers-2008-large-screenshot3.jpg"
            }
        ],
        "available": [
            {
                "quality": "1080p.BluRay",
                "size": "1.4 GB",
                "resolution": "1920*816",
                "p/s": "100+"
            },
            {
                "quality": "720p BluRay",
                "size": "600 MB",
                "resolution": "1280*720",
                "p/s": "35"
            },
            {
                "quality": "2160p.BluRay.x265.UNRATED",
                "size": "5.51 GB",
                "resolution": " 3840*1606",
                "p/s": "100+"
            }
        ],
        "video": "https://www.youtube.com/embed/jKGiF5m-FNY?rel=0&wmode=transparent&border=0&autoplay=1&iv_load_policy=3"
    },
    {
        "id": 3,
        "movieName": "Depravity",
        "movieUrl": "depravity-2024",
        "yearOfRelease": 2024,
        "genre": "Crime / Drama / Mystery / Thriller",
        "rating": 4.2,
        "img": "https://en.yts-official.mx/movies/poster/depravity-2024.jpg",
        "directorTitle": "Depravity Director",
        "director": "Paul Tamasy",
        "castTitle": "Depravity Cast",
        "cast": [
            "Dermot Mulroney",
            "Victoria Justice"
        ],
        "like": "21",
        "movieRating": "4.0",
        "synopsis": "Depravity Synopsis",
        "dateAndTime": "October 18, 2024 at 10:49 AM",
        "similarMovies": [
            {
                "similarMovieUrl": "slugterra-return-of-the-elementals-2014",
                "imageUrl": "https://en.yts-official.mx/movies/poster/slugterra-return-of-the-elementals-2014.jpg?v=1"
            },
            {
                "similarMovieUrl": "return-of-sabata-1971",
                "imageUrl": "https://en.yts-official.mx/movies/poster/return-of-sabata-1971.jpg?v=1"
            },
            {
                "similarMovieUrl": "battle-royale-ii-2003",
                "imageUrl": "https://en.yts-official.mx/movies/poster/battle-royale-ii-2003.jpg?v=1"
            },
            {
                "similarMovieUrl": "return-to-horror-hotel-2019",
                "imageUrl": "https://en.yts-official.mx/movies/poster/return-to-horror-hotel-2019.jpg?v=1"
            }
        ],
        "asssets": [
            {
                "isImage": "false",
                "assetUrl": "https://www.youtube.com/embed/ZUgNSIx9isg?rel=0&wmode=transparent&border=0&autoplay=1&iv_load_policy=3"
            },
            {
                "isImage": "true",
                "assetUrl": "https://en.yts-official.mx/movies/screenshot/depravity-2024-medium-screenshot2.jpg"
            },
            {
                "isImage": "true",
                "assetUrl": "https://en.yts-official.mx/movies/screenshot/depravity-2024-medium-screenshot3.jpg"
            }
        ],
        "available": [
            {
                "quality": "1080p.WEB",
                "size": "2.16 GB",
                "resolution": "1920*816",
                "p/s": "100+"
            },
            {
                "quality": "720p.WEB",
                "size": "1.05 GB",
                "resolution": "1280*720",
                "p/s": "100+"
            },
            {
                "quality": "2160p.WEB.x265",
                "size": "5.23 GB",
                "resolution": " 3840*1606",
                "p/s": "100+"
            }
        ],
        "video": "https://www.youtube.com/embed/jKGiF5m-FNY?rel=0&wmode=transparent&border=0&autoplay=1&iv_load_policy=3"
    },
    {
        "id": 4,
        "movieName": "The Wild Robot",
        "movieUrl": "the-wild-robot-2024",
        "yearOfRelease": 2024,
        "genre": "Animation / Sci-Fi",
        "rating": 8.3,
        "img": "https://en.yts-official.mx/movies/poster/the-wild-robot-2024.jpg",
        "directorTitle": "The Wild Robot Director",
        "director": "Chris Sanders",
        "castTitle": "The Wild Robot Cast",
        "cast": [
            "Mark Hamill",
            "Pedro Pascal"
        ],
        "like": "161",
        "movieRating": "8.4",
        "synopsis": "The Wild Robot Synopsis",
        "dateAndTime": "May 20, 2020 at 02:55 PM",
        "similarMovies": [
            {
                "similarMovieUrl": "my-penguin-friend-2024",
                "imageUrl": "https://en.yts-official.mx/movies/poster/my-penguin-friend-2024.jpg?v=1"
            },
            {
                "similarMovieUrl": "sound-of-hope-the-story-of-possum-trot-2024",
                "imageUrl": "https://en.yts-official.mx/movies/poster/sound-of-hope-the-story-of-possum-trot-2024.jpg?v=1"
            },
            {
                "similarMovieUrl": "knight-rider-2000-1991",
                "imageUrl": "https://en.yts-official.mx/movies/poster/knight-rider-2000-1991.jpg?v=1"
            },
            {
                "similarMovieUrl": "almost-an-angel-1990",
                "imageUrl": "https://en.yts-official.mx/movies/poster/almost-an-angel-1990.jpg?v=1"
            }
        ],
        "asssets": [
            {
                "isImage": "false",
                "assetUrl": "https://en.yts-official.mx/movies/screenshot/the-wild-robot-2024-medium-screenshot1.jpg"
            },
            {
                "isImage": "true",
                "assetUrl": "https://en.yts-official.mx/movies/screenshot/the-wild-robot-2024-medium-screenshot2.jpg"
            },
            {
                "isImage": "true",
                "assetUrl": "https://en.yts-official.mx/movies/screenshot/the-wild-robot-2024-medium-screenshot3.jpg"
            }
        ],
        "available": [
            {
                "quality": "1080p.WEB",
                "size": "1.7 GB",
                "resolution": "1920*816",
                "p/s": "100+"
            },
            {
                "quality": "x265720p.WEB",
                "size": "936 mB",
                "resolution": "1280*720",
                "p/s": "100+"
            },
            {
                "quality": ".2160p.WEB.x265",
                "size": "4.5 GB",
                "resolution": " 3840*1606",
                "p/s": "100+"
            }
        ],
        "video": "https://www.youtube.com/embed/jKGiF5m-FNY?rel=0&wmode=transparent&border=0&autoplay=1&iv_load_policy=3"
    },
    {
        "id": 5,
        "movieName": "The Faculty",
        "movieUrl": "the-faculty-1998",
        "yearOfRelease": 1998,
        "genre": "Action / Horror / Mystery / Sci-Fi",
        "rating":6.6,
        "img": "https://en.yts-official.mx/movies/poster/the-faculty-1998.jpg",
        "like": "99",
        "movieRating": "6.6",
        "similarMovies": [
            {
                "similarMovieUrl": "silk-2007",
                "imageUrl": "https://en.yts-official.mx/movies/poster/silk-2007.jpg?v=1"
            },
            {
                "similarMovieUrl": "urban-legend-1998",
                "imageUrl": "https://en.yts-official.mx/movies/poster/urban-legend-1998.jpg?v=1"
            },
            {
                "similarMovieUrl": "i-still-know-what-you-did-last-summer-1998",
                "imageUrl": "https://en.yts-official.mx/movies/poster/i-still-know-what-you-did-last-summer-1998.jpg?v=1"
            },
            {
                "similarMovieUrl": "i-know-what-you-did-last-summer-1997",
                "imageUrl": "https://en.yts-official.mx/movies/poster/i-know-what-you-did-last-summer-1997.jpg?v=1"
            }
        ],
        "asssets": [
            {
                "isImage": "false",
                "assetUrl": "https://en.yts-official.mx/movies/screenshot/the-faculty-1998-medium-screenshot1.jpg"
            },
            {
                "isImage": "true",
                "assetUrl": "https://en.yts-official.mx/movies/screenshot/the-faculty-1998-medium-screenshot2.jpg"
            },
            {
                "isImage": "true",
                "assetUrl": "https://en.yts-official.mx/movies/screenshot/the-faculty-1998-medium-screenshot3.jpg"
            }
        ],
        "directorTitle": "The Faculty Director",
        "director": "Robert Rodriguez",
        "castTitle": "The Faculty Cast",
        "cast": [
            "Salma Hayek",
            "Josh Hartnett"
        ],
        "synopsis": "The Faculty Synopsis",
        "dateAndTime": "October 15, 2024 at 08:09 PM",
        "available": [
            {
                "quality": "1080p.WEB",
                "size": "1.40 GB",
                "resolution": "1920*816",
                "p/s": "84"
            },
            {
                "quality": "265720p.WEB",
                "size": "700 MB",
                "resolution": "1280*720",
                "p/s": "37"
            },
            {
                "quality": ".2160p.WEB.x265",
                "size": "4.79 GB",
                "resolution": " 3840*1606",
                "p/s": "100+"
            }
        ],
        "video": "https://www.youtube.com/embed/praQkvivkUE?rel=0&wmode=transparent&border=0&autoplay=1&iv_load_policy=3"
    },
    {
        "id":6,
        "movieName": "Alien: Romulus",
        "movieUrl": "alien-romulus-2024",
        "yearOfRelease": 2024,
        "genre": "Horror / Sci-Fi / Thriller",
        "rating":7.2,
        "img": "https://en.yts-official.mx/movies/poster/alien-romulus-2024.jpg",
        "like": "200",
        "movieRating": "7.2",
        "similarMovies": [
            {
                "similarMovieUrl": "blink-twice-2024",
                "imageUrl": "https://en.yts-official.mx/movies/poster/blink-twice-2024.jpg?v=1"
            },
            {
                "similarMovieUrl": "twilight-of-the-warriors-walled-in-2024",
                "imageUrl": "https://en.yts-official.mx/movies/poster/twilight-of-the-warriors-walled-in-2024.jpg?v=1"
            },
            {
                "similarMovieUrl": "dragonkeeper-2024",
                "imageUrl": "https://en.yts-official.mx/movies/poster/dragonkeeper-2024.jpg?v=1"
            },
            {
                "similarMovieUrl": "the-accursed-2021",
                "imageUrl": "https://en.yts-official.mx/movies/poster/the-accursed-2021.jpg?v=1"
            }
        ],
        "asssets": [
            {
                "isImage": "false",
                "assetUrl": "https://en.yts-official.mx/movies/screenshot/alien-romulus-2024-medium-screenshot1.jpg"
            },
            {
                "isImage": "true",
                "assetUrl": "https://en.yts-official.mx/movies/screenshot/alien-romulus-2024-medium-screenshot2.jpg"
            },
            {
                "isImage": "true",
                "assetUrl": "https://en.yts-official.mx/movies/screenshot/alien-romulus-2024-medium-screenshot3.jpg"
            }
        ],
        "directorTitle": "Alien: Romulus Director",
        "director": "Fede Alvarez",
        "castTitle": "Alien: Romulus Cast",
        "cast": [
            "Cailee Spaeny",
            "Isabela Moner"
        ],
        "synopsis": "Alien: Romulus Synopsis",
        "dateAndTime": "October 18, 2024 at 05:36 AM",
        "available": [
            {
                "quality": "1080p.WEB",
                "size": " 1.99 GB",
                "resolution": "1920*816",
                "p/s": "100+"
            },
            {
                "quality": "265720p.WEB",
                "size": "1.7 GB",
                "resolution": "1280*720",
                "p/s": "100+"
            },
            {
                "quality": ".2160p.WEB.x265",
                "size": "5.31 GB",
                "resolution": " 3840*1606",
                "p/s": "100+"
            }
        ],
        "video": "https://www.youtube.com/embed/praQkvivkUE?rel=0&wmode=transparent&border=0&autoplay=1&iv_load_policy=3"
    },
    {
        "id":7,
        "movieName": "Lonely Planet",
        "movieUrl": "lonely-planet-2024",
        "yearOfRelease": 2024,
        "genre": "Drama / Romance",
        "rating":5.7,
        "img": "https://en.yts-official.mx/movies/poster/lonely-planet-2024.jpg",
        "like": "20",
        "movieRating": "5.7",
        "similarMovies": [
            {
                "similarMovieUrl": "yolki-2-2011",
                "imageUrl": "https://en.yts-official.mx/movies/poster/yolki-2-2011.jpg?v=1"
            },
            {
                "similarMovieUrl": "scooby-doo-2-monsters-unleashed-2004",
                "imageUrl": "https://en.yts-official.mx/movies/poster/scooby-doo-2-monsters-unleashed-2004.jpg?v=1"
            },
            {
                "similarMovieUrl": "she-hate-me-2004",
                "imageUrl": "https://en.yts-official.mx/movies/poster/she-hate-me-2004.jpg?v=1"
            }
            
        ],
        "asssets": [
            {
                "isImage": "false",
                "assetUrl": "https://en.yts-official.mx/movies/screenshot/lonely-planet-2024-medium-screenshot1.jpg"
            },
            {
                "isImage": "true",
                "assetUrl": "https://en.yts-official.mx/movies/screenshot/lonely-planet-2024-medium-screenshot2.jpg"
            },
            {
                "isImage": "true",
                "assetUrl": "https://en.yts-official.mx/movies/screenshot/lonely-planet-2024-medium-screenshot3.jpg"
            }
        ],
        "directorTitle": "Lonely Planet Director",
        "director": "Susannah Grant",
        "castTitle": "Lonely Planet Cast",
        "cast": [
            "Diana Silvers",
            "Laura Dern"
        ],
        "synopsis": "Lonely Planet Synopsis",
        "dateAndTime": "October 14, 2024 at 04:14 PM",
        "available": [
            {
                "quality": "1080p.WEB",
                "size": "  1.78 GB",
                "resolution": "1920*816",
                "p/s": "100+"
            },
            {
                "quality": "265720p.WEB",
                "size": " 885.81 MB",
                "resolution": "1280*720",
                "p/s": "100+"
            },
            {
                "quality": ".2160p.WEB.x265",
                "size": " 4.3 GB",
                "resolution": " 3840*1606",
                "p/s": "100+"
            }
        ],
        "video": "https://www.youtube.com/embed/praQkvivkUE?rel=0&wmode=transparent&border=0&autoplay=1&iv_load_policy=3"
    },
    {
        "id":8,
        "movieName": "Bookworm",
        "movieUrl": "bookworm-2024",
        "yearOfRelease": 2024,
        "genre": "Adventure / Comedy / Drama",
        "rating":6.3,
        "img": "https://en.yts-official.mx/movies/poster/bookworm-2024.jpg",
        "like": "16",
        "movieRating": "6.3",
        "similarMovies": [
            {
                "similarMovieUrl": "cassino-in-ischia-2024",
                "imageUrl": "https://en.yts-official.mx/movies/poster/cassino-in-ischia-2024.jpg?v=1"
            }
        ],
        "asssets": [
            {
                "isImage": "false",
                "assetUrl": "https://en.yts-official.mx/movies/screenshot/bookworm-2024-medium-screenshot1.jpg"
            },
            {
                "isImage": "true",
                "assetUrl": "https://en.yts-official.mx/movies/screenshot/bookworm-2024-medium-screenshot2.jpg"
            },
            {
                "isImage": "true",
                "assetUrl": "https://en.yts-official.mx/movies/screenshot/bookworm-2024-medium-screenshot3.jpg"
            }
        ],
        "directorTitle": "Bookworm Director",
        "director": "Ant Timpson",
        "castTitle": "Bookworm Cast",
        "cast": [
            "Elijah Wood",
            "Nell Fisher"
        ],
        "synopsis": "Bookworm Synopsis",
        "dateAndTime": "October 14, 2024 at 04:06 AM",
        "available": [
            {
                "quality": "1080p.WEB",
                "size": "   1.73 GB",
                "resolution": "1920*816",
                "p/s": "100+"
            },
            {
                "quality": "265720p.WEB",
                "size": " 954.37 MB",
                "resolution": "1280*720",
                "p/s": "100+"
            }
        ],
        "video": "https://www.youtube.com/embed/praQkvivkUE?rel=0&wmode=transparent&border=0&autoplay=1&iv_load_policy=3"
    },
    {
        "id":9,
        "movieName": "The Silent Hour",
        "movieUrl": "the-silent-hour-2024",
        "yearOfRelease": 2024,
        "genre": "Crime / Thriller",
        "rating":5.9,
        "img": "https://en.yts-official.mx/movies/poster/the-silent-hour-2024.jpg",
        "like": "49",
        "movieRating": "5.9",
        "similarMovies": [
            {
                "similarMovieUrl": "uprising-2024",
                "imageUrl": "https://en.yts-official.mx/movies/poster/uprising-2024.jpg?v=1"
            },
            {
            "similarMovieUrl": "mr-crocket-2024",
                "imageUrl": "https://en.yts-official.mx/movies/poster/mr-crocket-2024.jpg?v=1"
            },
            {
            "similarMovieUrl": "salems-lot-2024",
                "imageUrl": "https://en.yts-official.mx/movies/poster/salems-lot-2024.jpg?v=1"
            },
            {
                "similarMovieUrl": "the-dragon-strikes-back-1973",
                    "imageUrl": "https://en.yts-official.mx/movies/poster/the-dragon-strikes-back-1973.jpg?v=1"
            }
        ],
        "asssets": [
            {
                "isImage": "false",
                "assetUrl": "https://en.yts-official.mx/movies/screenshot/the-silent-hour-2024-medium-screenshot1.jpg"
            },
            {
                "isImage": "true",
                "assetUrl": "https://en.yts-official.mx/movies/screenshot/the-silent-hour-2024-medium-screenshot2.jpg"
            },
            {
                "isImage": "true",
                "assetUrl": "https://en.yts-official.mx/movies/screenshot/the-silent-hour-2024-medium-screenshot3.jpg"
            }
        ],
        "directorTitle": "The Silent Hour Director",
        "director": "Brad Anderson",
        "castTitle": "The Silent Hour Cast",
        "cast": [
            "Joel Kinnaman",
            "Mark Strong"
        ],
        "synopsis": "The Silent Hour Synopsis",
        "dateAndTime": "October 16, 2024 at 08:40 PM",
        "available": [
            {
                "quality": "1080p.WEB",
                "size": "1.73 GB",
                "resolution": "1920*816",
                "p/s": "100+"
            },
            {
                "quality": "265720p.WEB",
                "size": "913.67 MB",
                "resolution": "1280*720",
                "p/s": "100+"
            },
            {
                "quality": "265720p.WEB",
                "size": "4.43 GB",
                "resolution": "1280*720",
                "p/s": "100+"
            }
        ],
        "video": "https://www.youtube.com/embed/praQkvivkUE?rel=0&wmode=transparent&border=0&autoplay=1&iv_load_policy=3"
    },
    {
        "id":10,
        "movieName": "Caddo Lake",
        "movieUrl": "caddo-lake-2024",
        "yearOfRelease": 2024,
        "genre": "Drama / Mystery / Thriller",
        "rating":6.9,
        "img": "https://en.yts-official.mx/movies/poster/caddo-lake-2024.jpg",
        "like": "61",
        "movieRating": "6.9",
        "similarMovies": [
            {
                "similarMovieUrl": "lonely-planet-2024",
                "imageUrl": "https://en.yts-official.mx/movies/poster/lonely-planet-2024.jpg?v=1"
            },
            {
            "similarMovieUrl": "wingwomen-2023",
                "imageUrl": "https://en.yts-official.mx/movies/poster/wingwomen-2023.jpg?v=1"
            },
            {
            "similarMovieUrl": "past-lives-2023",
                "imageUrl": "https://en.yts-official.mx/movies/poster/past-lives-2023.jpg?v=1"
            },
            {
                "similarMovieUrl": "elevator-to-the-gallows-1958",
                    "imageUrl": "https://en.yts-official.mx/movies/poster/elevator-to-the-gallows-1958.jpg?v=1"
            }
        ],
        "asssets": [
            {
                "isImage": "false",
                "assetUrl": "https://en.yts-official.mx/movies/screenshot/caddo-lake-2024-medium-screenshot1.jpg"
            },
            {
                "isImage": "true",
                "assetUrl": "https://en.yts-official.mx/movies/screenshot/caddo-lake-2024-medium-screenshot2.jpg"
            },
            {
                "isImage": "true",
                "assetUrl": "https://en.yts-official.mx/movies/screenshot/caddo-lake-2024-medium-screenshot3.jpg"
            }
        ],
        "directorTitle": "Caddo Lake Director",
        "director": "Celine Held",
        "castTitle": "Caddo Lake Cast",
        "cast": [
            "Lauren Ambrose",
            "Dylan O'Brien"
        ],
        "synopsis": "Caddo Lake Synopsis",
        "dateAndTime": "October 15, 2024 at 07:09 PM",
        "available": [
            {
                "quality": "1080p.WEB",
                "size": " 1.72 GB",
                "resolution": "1920*816",
                "p/s": "100+"
            },
            {
                "quality": "265720p.WEB",
                "size": " 947.48 MB",
                "resolution": "1280*720",
                "p/s": "100+"
            },
            {
                "quality": "265720p.WEB",
                "size": " 4.6 GB",
                "resolution": "1280*720",
                "p/s": "100+"
            }
        ],
        "video": "https://www.youtube.com/embed/praQkvivkUE?rel=0&wmode=transparent&border=0&autoplay=1&iv_load_policy=3"
    },
    {
        "id":11,
        "movieName": "Betrayed by Love",
        "movieUrl": "betrayed-by-love-2024",
        "yearOfRelease": 2024,
        "genre": "Drama / Mystery",
        "rating":6.2,
        "img": "https://en.yts-official.mx/movies/poster/betrayed-by-love-2024.jpg",
        "like": "5",
        "movieRating": "6.2",
        "similarMovies": [
            {
                "similarMovieUrl": "the-return-of-the-tall-blond-man-1974",
                "imageUrl": "https://en.yts-official.mx/movies/poster/the-return-of-the-tall-blond-man-1974.jpg?v=1"
            },
            {
            "similarMovieUrl": "scooby-doo-curse-of-the-lake-monster-2010",
                "imageUrl": "https://en.yts-official.mx/movies/poster/scooby-doo-curse-of-the-lake-monster-2010.jpg?v=1"
            },
            {
            "similarMovieUrl": "rosalie-goes-shopping-1989",
                "imageUrl": "https://en.yts-official.mx/movies/poster/rosalie-goes-shopping-1989.jpg?v=1"
            },
            {
                "similarMovieUrl": "christmas-with-a-view-2018",
                    "imageUrl": "https://en.yts-official.mx/movies/poster/christmas-with-a-view-2018.jpg?v=1"
            }
        ],
        "asssets": [
            {
                "isImage": "false",
                "assetUrl": "https://en.yts-official.mx/movies/screenshot/betrayed-by-love-2024-medium-screenshot1.jpg"
            },
            {
                "isImage": "true",
                "assetUrl": "https://en.yts-official.mx/movies/screenshot/betrayed-by-love-2024-medium-screenshot2.jpg"
            },
            {
                "isImage": "true",
                "assetUrl": "https://en.yts-official.mx/movies/screenshot/betrayed-by-love-2024-medium-screenshot3.jpg"
            }
        ],
        "directorTitle": "Betrayed by Love Director",
        "director": "Marla Sokoloff",
        "castTitle": "Betrayed by Love Cast",
        "cast": [
            "Sara Ball",
            "Marc Herrmann"
        ],
        "synopsis": "Caddo Lake Synopsis",
        "dateAndTime": "October 09, 2024 at 01:48 AM",
        "available": [
            {
                "quality": "1080p.WEB",
                "size": "1.42 GB",
                "resolution": "1920*816",
                "p/s": "100+"
            },
            {
                "quality": "265720p.WEB",
                "size": " 785.44 MB",
                "resolution": "1280*720",
                "p/s": "100+"
            }
          
        ],
        "video": "https://www.youtube.com/embed/praQkvivkUE?rel=0&wmode=transparent&border=0&autoplay=1&iv_load_policy=3"
    },
    {
        "id":12,
        "movieName": "The Menendez Brothers",
        "movieUrl": "the-menendez-brothers-2024",
        "yearOfRelease": 2024,
        "genre": "Documentary",
        "rating":7.1,
        "img": "https://en.yts-official.mx/movies/poster/the-menendez-brothers-2024.jpg",
        "like": "10",
        "movieRating": "7.1",
        "similarMovies": [
            {
                "similarMovieUrl": "killer-heat-2024",
                "imageUrl": "https://en.yts-official.mx/movies/poster/killer-heat-2024.jpg?v=1"
            },
            {
            "similarMovieUrl": "it-ends-with-us-2024",
                "imageUrl": "https://en.yts-official.mx/movies/poster/it-ends-with-us-2024.jpg?v=1"
            },
            {
            "similarMovieUrl": "the-bikeriders-2023",
                "imageUrl": "https://en.yts-official.mx/movies/poster/the-bikeriders-2023.jpg?v=1"
            },
            {
                "similarMovieUrl": "unfrosted-2024",
                    "imageUrl": "https://en.yts-official.mx/movies/poster/unfrosted-2024.jpg?v=1"
            }
        ],
        "asssets": [
            {
                "isImage": "false",
                "assetUrl": "https://en.yts-official.mx/movies/screenshot/the-menendez-brothers-2024-medium-screenshot1.jpg"
            },
            {
                "isImage": "true",
                "assetUrl": "https://en.yts-official.mx/movies/screenshot/the-menendez-brothers-2024-medium-screenshot2.jpg"
            },
            {
                "isImage": "true",
                "assetUrl": "https://en.yts-official.mx/movies/screenshot/the-menendez-brothers-2024-medium-screenshot3.jpg"
            }
        ],
        "directorTitle": "The Menendez Brothers Director",
        "director": "Alejandro Hartmann",
        "castTitle": "The Menendez Brothers Cast",
        "cast": [
            "Clint Eastwood",
            "Arnold Schwarzenegger"
        ],
        "synopsis": "The Menendez Brothers Synopsis",
        "dateAndTime": "October 07, 2024 at 11:19 AM",
        "available": [
            {
                "quality": "1080p.WEB",
                "size": " 2.19 GB",
                "resolution": "1920*816",
                "p/s": "100+"
            },
            {
                "quality": "265720p.WEB",
                "size": "1.07 GB",
                "resolution": "1280*720",
                "p/s": "100+"
            }
          
        ],
        "video": "https://www.youtube.com/embed/praQkvivkUE?rel=0&wmode=transparent&border=0&autoplay=1&iv_load_policy=3"
    }



]









